name,email,gender
Linda Jouannot,ljouannot0@phoca.cz,Female
Federico Bettaney,fbettaney1@engadget.com,Male
Orren Crevy,ocrevy2@redcross.org,Male
Kaylyn Farbrother,kfarbrother3@nytimes.com,Female
Andeee Braithwaite,abraithwaite4@so-net.ne.jp,Female
Dre O'Kenny,dokenny5@dmoz.org,Female
Rouvin Coggings,rcoggings6@ustream.tv,Male
Neysa Duffet,nduffet7@com.com,Female
Saw Aidler,saidler8@netlog.com,Male
Elka Hulls,ehulls9@usda.gov,Female
Dionysus Drew-Clifton,ddrewcliftona@canalblog.com,Male
Rafi Winks,rwinksb@cafepress.com,Male
Ardene Serraillier,aserraillierc@usatoday.com,Genderfluid
Cornelius Pole,cpoled@chronoengine.com,Male
Deni Giacobbo,dgiacobboe@weibo.com,Female
Raddy Shickle,rshicklef@spiegel.de,Male
Brena Scholcroft,bscholcroftg@webs.com,Genderfluid
Fenelia Dummett,fdummetth@mlb.com,Female
Fonsie Croughan,fcroughani@wordpress.com,Genderqueer
Yelena Cromly,ycromlyj@purevolume.com,Female
Arleta Lettuce,alettucek@ucoz.com,Female
Bartel Pickard,bpickardl@psu.edu,Male
Clio Du Plantier,cdum@skype.com,Female
Stephani Neljes,sneljesn@java.com,Female
Lulu Meneur,lmeneuro@i2i.jp,Female
Tabb Greenway,tgreenwayp@hibu.com,Male
Ward Baxstare,wbaxstareq@smugmug.com,Male
Appolonia Forst,aforstr@army.mil,Female
Nollie Wrout,nwrouts@theguardian.com,Male
Rikki Ronald,rronaldt@telegraph.co.uk,Male
Fleurette Fortin,ffortinu@1688.com,Female
Vera Di Biasi,vdiv@addthis.com,Female
Hakim McJerrow,hmcjerroww@etsy.com,Male
Thaddeus Djekic,tdjekicx@mysql.com,Bigender
Martainn Tooher,mtoohery@mozilla.com,Male
Elfrida Cropper,ecropperz@psu.edu,Female
Pamella Wolfer,pwolfer10@posterous.com,Female
Freeman Towsie,ftowsie11@google.co.jp,Male
Vito Wannop,vwannop12@wordpress.com,Male
Even Blaylock,eblaylock13@princeton.edu,Genderfluid
Tonya Mateo,tmateo14@yale.edu,Female
Leonie Malser,lmalser15@canalblog.com,Female
Eba Casseldine,ecasseldine16@salon.com,Female
Maire Hamill,mhamill17@bloglovin.com,Female
Otes Angless,oangless18@salon.com,Male
Pate Noirel,pnoirel19@mail.ru,Male
Miner Featonby,mfeatonby1a@jugem.jp,Male
Reinhold Cobain,rcobain1b@state.gov,Male
Catrina Creus,ccreus1c@myspace.com,Female
Tiffie Pettersen,tpettersen1d@wiley.com,Female
Northrup Digwood,ndigwood1e@is.gd,Male
Natty Skilton,nskilton1f@privacy.gov.au,Female
Charleen Gowans,cgowans1g@state.gov,Female
Noah Facher,nfacher1h@sakura.ne.jp,Male
Tanhya Daunter,tdaunter1i@mediafire.com,Female
Fredi Flemming,fflemming1j@oakley.com,Female
Cory Tither,ctither1k@fotki.com,Female
Ginny Lillie,glillie1l@addtoany.com,Female
Ninnette Tewnion,ntewnion1m@google.pl,Female
Ralina Blasiak,rblasiak1n@pinterest.com,Bigender
Corabel Edelmann,cedelmann1o@blog.com,Female
Pennie Yurkin,pyurkin1p@blinklist.com,Agender
Joete Dady,jdady1q@bloglines.com,Female
Tamara Sims,tsims1r@cnn.com,Female
Corbin Quibell,cquibell1s@samsung.com,Non-binary
Prinz Caddies,pcaddies1t@guardian.co.uk,Male
Gaven Dunnan,gdunnan1u@guardian.co.uk,Genderfluid
Trenton MacRory,tmacrory1v@1und1.de,Genderqueer
Kermy O'Driscole,kodriscole1w@purevolume.com,Male
Sarge Canning,scanning1x@phpbb.com,Male
Tiebold Girsch,tgirsch1y@telegraph.co.uk,Male
Alfy Exon,aexon1z@purevolume.com,Male
Giustino Rickardes,grickardes20@purevolume.com,Male
Clarinda Northing,cnorthing21@google.de,Female
Hedda Dursley,hdursley22@bing.com,Female
Dorthea Rottger,drottger23@joomla.org,Bigender
Carlynne Sargant,csargant24@w3.org,Female
Alf Skelly,askelly25@surveymonkey.com,Male
Ingeborg Boram,iboram26@ucoz.com,Female
Querida Braffington,qbraffington27@quantcast.com,Female
Norma Hamblett,nhamblett28@mashable.com,Female
Eleanor Covert,ecovert29@nasa.gov,Female
Lanie Deppen,ldeppen2a@uol.com.br,Female
Matt Gandy,mgandy2b@comcast.net,Male
Morgan Trenholme,mtrenholme2c@diigo.com,Female
Thorsten Gratland,tgratland2d@cyberchimps.com,Male
Adriana McGillicuddy,amcgillicuddy2e@google.com,Genderfluid
Powell Springate,pspringate2f@google.co.uk,Male
Wheeler Cluer,wcluer2g@army.mil,Male
Rudd Lavis,rlavis2h@wikispaces.com,Male
Frannie Howse,fhowse2i@liveinternet.ru,Male
Flore Camble,fcamble2j@fda.gov,Female
Ugo Ciabatteri,uciabatteri2k@360.cn,Male
Reagen Cotte,rcotte2l@telegraph.co.uk,Male
Hashim Venner,hvenner2m@studiopress.com,Male
Grazia Jakubovsky,gjakubovsky2n@sbwire.com,Female
Stefa Grenfell,sgrenfell2o@un.org,Female
Rufe MacNelly,rmacnelly2p@flickr.com,Male
Sofie Mickleburgh,smickleburgh2q@aol.com,Female
Berna Cargo,bcargo2r@patch.com,Female
Kippar Lortzing,klortzing2s@cam.ac.uk,Male
Zorine Ozanne,zozanne2t@techcrunch.com,Female
Bruno Mallan,bmallan2u@springer.com,Male
Benito Dreye,bdreye2v@trellian.com,Genderfluid
Lorette Marciek,lmarciek2w@cafepress.com,Female
Serge Moriarty,smoriarty2x@nyu.edu,Male
Matthias Twitchett,mtwitchett2y@joomla.org,Male
Roze Behrens,rbehrens2z@rambler.ru,Female
Rosie Pietrasik,rpietrasik30@gnu.org,Bigender
Almira Alcalde,aalcalde31@chron.com,Female
Val Gilffilland,vgilffilland32@issuu.com,Female
Hiram Uzielli,huzielli33@nydailynews.com,Male
Rachael Roney,rroney34@istockphoto.com,Female
Clarine Yakushkin,cyakushkin35@usatoday.com,Female
Gus Bonifant,gbonifant36@google.co.uk,Female
Kennett Cahalin,kcahalin37@biblegateway.com,Male
Frederic Macconachy,fmacconachy38@seattletimes.com,Male
Rainer Filchagin,rfilchagin39@wunderground.com,Male
Shandie Yersin,syersin3a@google.fr,Female
Lexine Eim,leim3b@cdbaby.com,Female
Wilfred Chrishop,wchrishop3c@rambler.ru,Male
Lolly MacMenamie,lmacmenamie3d@google.ru,Female
Jolee Treherne,jtreherne3e@bing.com,Female
Brandi Allcorn,ballcorn3f@lulu.com,Female
Barri Kennsley,bkennsley3g@miitbeian.gov.cn,Male
Mikel Fibbit,mfibbit3h@tuttocitta.it,Male
Vivie McAlpine,vmcalpine3i@usda.gov,Female
Zelma Caddell,zcaddell3j@yahoo.com,Female
Baxy Sprouls,bsprouls3k@creativecommons.org,Male
Noellyn Creeber,ncreeber3l@freewebs.com,Non-binary
Emelina Lidgley,elidgley3m@free.fr,Female
Lois Tomlett,ltomlett3n@sitemeter.com,Female
Delaney Iuorio,diuorio3o@icq.com,Male
Veronike Gudge,vgudge3p@geocities.com,Female
Harriot Cullinan,hcullinan3q@webs.com,Bigender
Elnar Cluff,ecluff3r@rediff.com,Male
Josefa Serotsky,jserotsky3s@ibm.com,Female
Lauren Szymon,lszymon3t@phoca.cz,Male
Tremain Osmint,tosmint3u@drupal.org,Male
Thorstein McMillan,tmcmillan3v@opensource.org,Male
Rouvin Hedditeh,rhedditeh3w@a8.net,Male
Stanford Cornilleau,scornilleau3x@senate.gov,Male
Jayne Barbour,jbarbour3y@reverbnation.com,Female
Fancie Hateley,fhateley3z@wsj.com,Bigender
Tonnie Melan,tmelan40@sina.com.cn,Male
Miltie Fullegar,mfullegar41@dropbox.com,Male
Georg Davies,gdavies42@nasa.gov,Male
Doyle Traynor,dtraynor43@homestead.com,Male
Erastus Garden,egarden44@surveymonkey.com,Male
Sayres Duchesne,sduchesne45@1und1.de,Male
Evy Hehir,ehehir46@walmart.com,Female
Jerrylee Wolton,jwolton47@360.cn,Female
Latashia Fawlkes,lfawlkes48@google.com.hk,Female
Orton Fieldhouse,ofieldhouse49@livejournal.com,Male
Denyse Willas,dwillas4a@typepad.com,Female
Timmy Imorts,timorts4b@abc.net.au,Female
Damara Behnke,dbehnke4c@homestead.com,Female
Tarra Auger,tauger4d@sun.com,Female
Cecil Minker,cminker4e@japanpost.jp,Female
Lona Hamon,lhamon4f@moonfruit.com,Female
Sibyl Eddies,seddies4g@marriott.com,Female
Emile MacKegg,emackegg4h@ezinearticles.com,Male
Rudolph Burgot,rburgot4i@harvard.edu,Male
Peyton Swiffen,pswiffen4j@ovh.net,Male
Chelsie Dewire,cdewire4k@wordpress.org,Female
Standford Andreopolos,sandreopolos4l@webmd.com,Male
Rossy Quarles,rquarles4m@ask.com,Male
Sanson Nardi,snardi4n@dion.ne.jp,Male
Kale MacCallum,kmaccallum4o@gnu.org,Male
Cross Laming,claming4p@list-manage.com,Male
Emili Fedynski,efedynski4q@oakley.com,Female
Jilly Grosier,jgrosier4r@bloglovin.com,Female
Pooh McCrea,pmccrea4s@amazon.com,Polygender
Christen Hexum,chexum4t@toplist.cz,Female
Myron Dreschler,mdreschler4u@msn.com,Genderfluid
Chelsae Jobey,cjobey4v@canalblog.com,Female
Cherish Littlemore,clittlemore4w@va.gov,Female
Pier Guinn,pguinn4x@yahoo.com,Female
Enriqueta Winspur,ewinspur4y@globo.com,Female
Rosaline Chelam,rchelam4z@usda.gov,Female
Leora Croux,lcroux50@sakura.ne.jp,Female
Idelle Josuweit,ijosuweit51@wufoo.com,Female
Windy Scorey,wscorey52@soup.io,Female
Jacquelyn Jays,jjays53@yahoo.co.jp,Female
Meghan Brasher,mbrasher54@sogou.com,Female
Wald Mourton,wmourton55@posterous.com,Male
Tonie Orrick,torrick56@timesonline.co.uk,Female
Toddie Friary,tfriary57@virginia.edu,Male
Filippo Earp,fearp58@devhub.com,Male
Hilary Allbones,hallbones59@sbwire.com,Male
Rivkah Muffett,rmuffett5a@cafepress.com,Female
Wesley Llorens,wllorens5b@miitbeian.gov.cn,Male
Koenraad Ahern,kahern5c@nyu.edu,Male
Alyosha Whyborn,awhyborn5d@prlog.org,Male
Ardra Smallsman,asmallsman5e@123-reg.co.uk,Female
Karry Fedder,kfedder5f@hp.com,Female
Gennie Duchart,gduchart5g@g.co,Non-binary
Nikki Telling,ntelling5h@google.co.jp,Female
Dicky McGrirl,dmcgrirl5i@geocities.com,Male
Kory Chattington,kchattington5j@pbs.org,Male
Arvin Humpage,ahumpage5k@elpais.com,Male
Bamby Damarell,bdamarell5l@newyorker.com,Female
Jarrod Buglar,jbuglar5m@nhs.uk,Male
Tomaso Marielle,tmarielle5n@oracle.com,Agender
Trudey Bohling,tbohling5o@salon.com,Female
Richy Pendrid,rpendrid5p@shop-pro.jp,Male
Wini Schwier,wschwier5q@ftc.gov,Female
Vassili Gunstone,vgunstone5r@hugedomains.com,Male
Alissa Rozzier,arozzier5s@seesaa.net,Female
Dasi Gleeson,dgleeson5t@miibeian.gov.cn,Female
Patrice Hildred,phildred5u@guardian.co.uk,Female
Ashly Grouer,agrouer5v@howstuffworks.com,Female
Marcelle Titheridge,mtitheridge5w@apple.com,Female
Gwyn Pointon,gpointon5x@phoca.cz,Female
Sergio Magowan,smagowan5y@eepurl.com,Male
Alejandro Beddows,abeddows5z@psu.edu,Male
Aurlie Bartolic,abartolic60@wiley.com,Female
Bordy Ravelus,bravelus61@cam.ac.uk,Male
Lauryn Blazey,lblazey62@ibm.com,Female
Annissa Mitskevich,amitskevich63@sourceforge.net,Female
Simonette Bellefonte,sbellefonte64@globo.com,Female
Harrie Poxton,hpoxton65@ucoz.ru,Female
Justis Duignan,jduignan66@cdbaby.com,Male
Addia Follos,afollos67@jugem.jp,Female
Marian Wintour,mwintour68@indiatimes.com,Female
Tibold Lyenyng,tlyenyng69@lycos.com,Male
Rosalynd Evenett,revenett6a@hatena.ne.jp,Female
Courtnay Antognoni,cantognoni6b@xrea.com,Female
Maryanna Spurge,mspurge6c@quantcast.com,Genderfluid
Blayne Cossem,bcossem6d@xinhuanet.com,Male
Webster Depke,wdepke6e@usgs.gov,Male
Susana Netting,snetting6f@wix.com,Female
Kingston Devenport,kdevenport6g@so-net.ne.jp,Male
Conni Hansill,chansill6h@ox.ac.uk,Female
Cleve Morford,cmorford6i@loc.gov,Male
Grethel Longmire,glongmire6j@ameblo.jp,Female
Thacher McClean,tmcclean6k@va.gov,Male
Worth O' Mulderrig,wo6l@upenn.edu,Male
Burch Roelofsen,broelofsen6m@zimbio.com,Male
Berny Duplain,bduplain6n@nps.gov,Female
Christian Simeoli,csimeoli6o@artisteer.com,Male
Arron Garrioch,agarrioch6p@smh.com.au,Male
Had Digwood,hdigwood6q@jugem.jp,Male
Adelaide Risborough,arisborough6r@feedburner.com,Agender
Devonne Lavies,dlavies6s@hibu.com,Female
Augustin Burren,aburren6t@ifeng.com,Male
Lisle Flawith,lflawith6u@blogtalkradio.com,Male
Opal Mewton,omewton6v@bluehost.com,Female
Cam Mundie,cmundie6w@blogtalkradio.com,Male
Nita Lassen,nlassen6x@walmart.com,Non-binary
Warren Growden,wgrowden6y@tinyurl.com,Male
Jeanna Jackman,jjackman6z@geocities.jp,Female
Cally Gass,cgass70@craigslist.org,Female
Egan McGurgan,emcgurgan71@mozilla.com,Non-binary
Krissy Salamon,ksalamon72@redcross.org,Agender
Alfi Wickardt,awickardt73@purevolume.com,Female
Paquito Beak,pbeak74@guardian.co.uk,Male
Shayne Attarge,sattarge75@infoseek.co.jp,Female
Theresa Greim,tgreim76@hao123.com,Female
Correy Senechault,csenechault77@qq.com,Non-binary
Flore Simester,fsimester78@squarespace.com,Female
Blane Doodney,bdoodney79@merriam-webster.com,Male
Cristy Baudy,cbaudy7a@shinystat.com,Agender
Hamlen Mannagh,hmannagh7b@1688.com,Male
Quillan Rummery,qrummery7c@mapy.cz,Male
Talya McLaughlin,tmclaughlin7d@cisco.com,Female
Milissent Slany,mslany7e@friendfeed.com,Female
Tildy Lince,tlince7f@salon.com,Bigender
Ivory Chotty,ichotty7g@ameblo.jp,Female
Fiann Clemanceau,fclemanceau7h@posterous.com,Female
Nikos Pellant,npellant7i@goodreads.com,Male
Dugald McColley,dmccolley7j@omniture.com,Male
Gerri Jersch,gjersch7k@fda.gov,Male
Alberta Hubbart,ahubbart7l@columbia.edu,Female
Munroe Pigden,mpigden7m@hexun.com,Male
Terra Matieu,tmatieu7n@myspace.com,Female
Theodor Wharlton,twharlton7o@dell.com,Male
Dierdre Marrows,dmarrows7p@prnewswire.com,Female
Mic Thomason,mthomason7q@mac.com,Male
Giuditta Flade,gflade7r@weather.com,Female
Honoria Waddell,hwaddell7s@addthis.com,Female
Sabine Dargan,sdargan7t@fastcompany.com,Genderqueer
Loralee Skoggins,lskoggins7u@jiathis.com,Female
Sharleen Feltoe,sfeltoe7v@sogou.com,Female
Korrie Kynett,kkynett7w@hhs.gov,Female
Collette Nell,cnell7x@stanford.edu,Female
Darlleen Tatam,dtatam7y@pcworld.com,Female
Grata Heart,gheart7z@a8.net,Female
Benedikta Ibotson,bibotson80@bbc.co.uk,Female
Peri Galego,pgalego81@instagram.com,Female
Fitzgerald McIlmorie,fmcilmorie82@people.com.cn,Male
Georgianne Cruwys,gcruwys83@weather.com,Female
Jenilee Lonnon,jlonnon84@jiathis.com,Female
Waverly Bonniface,wbonniface85@diigo.com,Male
Tobe Ghirardi,tghirardi86@cdbaby.com,Bigender
Zorina Kliemann,zkliemann87@latimes.com,Female
Warren MacFadyen,wmacfadyen88@geocities.jp,Male
Caralie Willmot,cwillmot89@deviantart.com,Female
Bernardine Reedman,breedman8a@google.it,Female
Bary Searson,bsearson8b@aol.com,Genderqueer
Esta Melby,emelby8c@addtoany.com,Female
Terrell Kinchlea,tkinchlea8d@stanford.edu,Male
Tadeo Heakins,theakins8e@friendfeed.com,Male
Glynis Farran,gfarran8f@purevolume.com,Female
Vitia Udey,vudey8g@china.com.cn,Female
Cynde Tommis,ctommis8h@netvibes.com,Female
Tuck Blaksland,tblaksland8i@go.com,Male
Godfrey Offin,goffin8j@sourceforge.net,Male
York Camilli,ycamilli8k@alexa.com,Male
Cosetta Beyn,cbeyn8l@globo.com,Female
Michaela McMychem,mmcmychem8m@webeden.co.uk,Female
Shawn Keddey,skeddey8n@yellowbook.com,Female
Whit Guinn,wguinn8o@sohu.com,Male
Janel Peacey,jpeacey8p@wikia.com,Female
Brantley Reckus,breckus8q@ed.gov,Male
Flin Harnott,fharnott8r@plala.or.jp,Male
Horacio Doll,hdoll8s@guardian.co.uk,Male
Sergent Adshead,sadshead8t@live.com,Male
Philly Foulks,pfoulks8u@discovery.com,Female
Artemis Bigland,abigland8v@etsy.com,Male
Marvin Wesley,mwesley8w@hp.com,Male
Moss Slessar,mslessar8x@huffingtonpost.com,Male
Boycey Skidmore,bskidmore8y@moonfruit.com,Male
Rivi Jewks,rjewks8z@behance.net,Female
Keelia Biesterfeld,kbiesterfeld90@sfgate.com,Female
Thaddus Nolli,tnolli91@wikimedia.org,Bigender
Correy Weatherley,cweatherley92@wsj.com,Female
Henrik Caird,hcaird93@yale.edu,Male
Cleveland Mitskevich,cmitskevich94@google.de,Male
Sheela Martinson,smartinson95@feedburner.com,Female
Benjamin Retter,bretter96@cbslocal.com,Non-binary
Faustina Jury,fjury97@bluehost.com,Female
Pam Thomelin,pthomelin98@nba.com,Female
Amber Starkings,astarkings99@blinklist.com,Female
Sancho Bambra,sbambra9a@toplist.cz,Male
Rosemary Shetliff,rshetliff9b@yellowpages.com,Female
Inga Balkwill,ibalkwill9c@army.mil,Genderqueer
Cybill Michel,cmichel9d@slashdot.org,Female
Ag Arrowsmith,aarrowsmith9e@comsenz.com,Female
Angelico Woodley,awoodley9f@jigsy.com,Male
Josi Coyett,jcoyett9g@dailymail.co.uk,Female
Karel Blannin,kblannin9h@wix.com,Polygender
Ruttger Farnish,rfarnish9i@accuweather.com,Male
Carissa Carwithen,ccarwithen9j@nsw.gov.au,Female
Les Ind,lind9k@whitehouse.gov,Male
Pacorro Yorkston,pyorkston9l@dot.gov,Male
Nadya Sebborn,nsebborn9m@sitemeter.com,Female
Betteann Petracci,bpetracci9n@histats.com,Female
Bradley Acosta,bacosta9o@soup.io,Male
Emelda Hindshaw,ehindshaw9p@nhs.uk,Female
Liana Toun,ltoun9q@netvibes.com,Polygender
Raphaela Tett,rtett9r@sourceforge.net,Female
Dianemarie Regardsoe,dregardsoe9s@eventbrite.com,Female
Karlan Holborn,kholborn9t@mapy.cz,Male
Fons Pietri,fpietri9u@berkeley.edu,Male
Toddie Hubbis,thubbis9v@meetup.com,Male
Karoly Cristoforetti,kcristoforetti9w@nyu.edu,Female
Daphene Dumingos,ddumingos9x@is.gd,Female
Fenelia Rosenstiel,frosenstiel9y@quantcast.com,Female
Leela McLaughlan,lmclaughlan9z@marketwatch.com,Female
Vivie Cerie,vceriea0@ocn.ne.jp,Female
Margarette Crickmer,mcrickmera1@cbslocal.com,Female
Livvyy Eustis,leustisa2@slate.com,Female
Haley Dilston,hdilstona3@cam.ac.uk,Male
Emmerich Fetteplace,efetteplacea4@wufoo.com,Male
Jocelin O'Coskerry,jocoskerrya5@statcounter.com,Female
Chevy Hegel,chegela6@feedburner.com,Male
Catherina Vines,cvinesa7@uiuc.edu,Female
Brandais Gotcliffe,bgotcliffea8@baidu.com,Female
Dix MacKeig,dmackeiga9@goo.gl,Female
Michal Gostyke,mgostykeaa@phpbb.com,Female
Judah Mellem,jmellemab@gov.uk,Male
Delinda Blackhurst,dblackhurstac@cdc.gov,Non-binary
Ric Jonson,rjonsonad@buzzfeed.com,Male
Ramonda Herety,rheretyae@1688.com,Female
Hildegaard Swinburn,hswinburnaf@ycombinator.com,Female
Nicky Byart,nbyartag@netscape.com,Female
Karen Spoure,kspoureah@paypal.com,Female
Noll Andersen,nandersenai@ning.com,Male
Annaliese Verick,averickaj@gnu.org,Female
Phebe Abramovici,pabramoviciak@bigcartel.com,Genderfluid
Parsifal Landsbury,plandsburyal@bloglovin.com,Male
Bryana Goddert.sf,bgoddertsfam@goodreads.com,Female
Robby Barrand,rbarrandan@facebook.com,Female
Martguerita Needham,mneedhamao@stumbleupon.com,Female
Peggy Steels,psteelsap@icio.us,Female
Lambert Fantini,lfantiniaq@nymag.com,Male
Orson Louedey,olouedeyar@163.com,Male
Audrye McMeanma,amcmeanmaas@t-online.de,Genderfluid
Chaddy Brownsey,cbrownseyat@barnesandnoble.com,Male
Humfrey Arpur,harpurau@usda.gov,Male
Roderick Riepl,rrieplav@networkadvertising.org,Male
Nanni Muat,nmuataw@irs.gov,Female
Anderea Broke,abrokeax@rediff.com,Female
Leslie Veale,lvealeay@psu.edu,Male
Renard Bocke,rbockeaz@jimdo.com,Male
Olivette Cosson,ocossonb0@amazon.com,Female
Brandise Brookzie,bbrookzieb1@si.edu,Female
Idalia Willmett,iwillmettb2@springer.com,Female
Connie Hasty,chastyb3@reddit.com,Female
Olin Crosi,ocrosib4@arizona.edu,Male
D'arcy Stoneham,dstonehamb5@intel.com,Male
Rosalyn Dorbon,rdorbonb6@aol.com,Female
Dori Emmerson,demmersonb7@youtu.be,Female
Dominique Worling,dworlingb8@bbc.co.uk,Male
Skye Gozzett,sgozzettb9@va.gov,Male
Morly Broscombe,mbroscombeba@archive.org,Male
Flint Say,fsaybb@mapquest.com,Male
Michele Norster,mnorsterbc@photobucket.com,Male
Quintilla Canfer,qcanferbd@intel.com,Female
Noell Shoosmith,nshoosmithbe@washington.edu,Female
Nanete MacQuist,nmacquistbf@github.com,Female
Abagael Dunstone,adunstonebg@altervista.org,Female
Husain Kensit,hkensitbh@constantcontact.com,Male
Lara Mattin,lmattinbi@4shared.com,Genderqueer
Jolee Rosendahl,jrosendahlbj@epa.gov,Female
Berkley Castro,bcastrobk@wikispaces.com,Male
Rudyard Sange,rsangebl@icio.us,Male
Isahella Levett,ilevettbm@google.pl,Female
Ali Casford,acasfordbn@abc.net.au,Female
Andy Huriche,ahurichebo@usnews.com,Agender
Hernando Rudyard,hrudyardbp@discovery.com,Male
Estelle Hanfrey,ehanfreybq@google.it,Female
Latisha Ismail,lismailbr@weebly.com,Female
Emery Golly,egollybs@usa.gov,Male
Rolph Gommey,rgommeybt@usnews.com,Male
Hanna Blessed,hblessedbu@go.com,Female
Bert Cusiter,bcusiterbv@dagondesign.com,Female
Nathanael McGilvra,nmcgilvrabw@arstechnica.com,Male
Aile Sargeaunt,asargeauntbx@un.org,Female
Wake Prestidge,wprestidgeby@epa.gov,Male
Sherman Jephcott,sjephcottbz@addtoany.com,Male
Stephenie Archbell,sarchbellc0@theguardian.com,Female
Sande Hantusch,shantuschc1@feedburner.com,Female
Vivyan Galway,vgalwayc2@virginia.edu,Female
Maurice Troughton,mtroughtonc3@dailymotion.com,Genderfluid
Hagan Smurthwaite,hsmurthwaitec4@yellowbook.com,Male
Gordan Orrah,gorrahc5@gizmodo.com,Male
Milka Gwioneth,mgwionethc6@feedburner.com,Female
Ara Stachini,astachinic7@narod.ru,Genderqueer
Dora Tooke,dtookec8@sitemeter.com,Female
Kaile Ranklin,kranklinc9@angelfire.com,Bigender
Linell Costi,lcostica@mail.ru,Female
Adella Piwell,apiwellcb@discuz.net,Female
Rochell Keepe,rkeepecc@naver.com,Female
Morton Woodley,mwoodleycd@unc.edu,Male
Novelia Blais,nblaisce@wunderground.com,Female
Dimitry Brumby,dbrumbycf@yellowbook.com,Male
Floris Dallaway,fdallawaycg@fastcompany.com,Female
Bianca Gadsden,bgadsdench@java.com,Female
Jess Peirpoint,jpeirpointci@xing.com,Male
Killy Tomovic,ktomoviccj@timesonline.co.uk,Male
Belle Hannibal,bhannibalck@cdbaby.com,Genderfluid
Simona Sergean,ssergeancl@lycos.com,Female
Lenette Hould,lhouldcm@harvard.edu,Female
Calli Bristow,cbristowcn@columbia.edu,Female
Becka De Giorgi,bdeco@theglobeandmail.com,Female
Tatiana Haddeston,thaddestoncp@latimes.com,Female
Eward Johnes,ejohnescq@senate.gov,Non-binary
Anjela Dymock,adymockcr@macromedia.com,Female
Casi Delacourt,cdelacourtcs@g.co,Female
Kath Yushankin,kyushankinct@go.com,Female
Corbin Christou,cchristoucu@census.gov,Male
Andrus Beynon,abeynoncv@bizjournals.com,Male
Faydra Conti,fconticw@hatena.ne.jp,Female
Krissy Sorel,ksorelcx@noaa.gov,Female
Axe Pashe,apashecy@purevolume.com,Male
Alexander Pryn,apryncz@nhs.uk,Male
Ileane Matuszewski,imatuszewskid0@npr.org,Female
Carce Sexon,csexond1@google.com.hk,Male
Brade Ziehms,bziehmsd2@woothemes.com,Male
Harri McAneny,hmcanenyd3@cocolog-nifty.com,Female
Carlin Alexandersen,calexandersend4@discuz.net,Female
Massimiliano Moynham,mmoynhamd5@thetimes.co.uk,Male
Jaquenetta Abrahamovitz,jabrahamovitzd6@constantcontact.com,Female
Nikki Inworth,ninworthd7@sbwire.com,Female
Evy Rengger,erenggerd8@icio.us,Non-binary
Aube Lozano,alozanod9@ca.gov,Male
Leanna Sellek,lsellekda@vimeo.com,Female
Goldy Kopke,gkopkedb@who.int,Female
Boy Tatlowe,btatlowedc@blogtalkradio.com,Male
Riobard Joscelyn,rjoscelyndd@scribd.com,Male
Carmencita Breadon,cbreadonde@google.de,Female
Yard Wevell,ywevelldf@xrea.com,Male
Rolland Innerstone,rinnerstonedg@go.com,Male
Horton Grzegorek,hgrzegorekdh@dagondesign.com,Male
Gunar Copeman,gcopemandi@squidoo.com,Male
Emogene Stephens,estephensdj@sphinn.com,Female
Ninette Steinham,nsteinhamdk@huffingtonpost.com,Female
Freddie Seery,fseerydl@bigcartel.com,Male
Odella Adamczyk,oadamczykdm@godaddy.com,Female
Auguste Ary,aarydn@opensource.org,Female
Bertrando McLagain,bmclagaindo@examiner.com,Male
Stephie Pressland,spresslanddp@squarespace.com,Polygender
Herb Blackborn,hblackborndq@infoseek.co.jp,Male
Terri Lambird,tlambirddr@blinklist.com,Female
Edythe Gabbett,egabbettds@marketwatch.com,Female
Ebba MacTeague,emacteaguedt@storify.com,Female
Alaine Capponer,acapponerdu@amazon.co.jp,Female
Lew Jeafferson,ljeaffersondv@vistaprint.com,Male
Domingo Figg,dfiggdw@youtube.com,Male
Evvie Gurko,egurkodx@state.tx.us,Female
Carolus Wilhelmy,cwilhelmydy@mozilla.org,Male
Dagny Godfray,dgodfraydz@sciencedaily.com,Male
Fernanda Gillott,fgillotte0@toplist.cz,Female
Bee Noice,bnoicee1@mtv.com,Female
Beret Wogan,bwogane2@shutterfly.com,Female
Carlie Minchi,cminchie3@hibu.com,Female
Janelle Deverell,jdeverelle4@imdb.com,Bigender
Chance Marvin,cmarvine5@last.fm,Male
Lari Ticic,lticice6@japanpost.jp,Female
Jerrilee Elliff,jelliffe7@technorati.com,Female
Alix Balding,abaldinge8@mit.edu,Male
Carrol Silver,csilvere9@google.cn,Male
Carlotta Fehner,cfehnerea@go.com,Female
Lacie Cypler,lcyplereb@sohu.com,Female
Dennis Delia,ddeliaec@craigslist.org,Male
Shanon Pumfrey,spumfreyed@blinklist.com,Female
Leonie Neeson,lneesonee@surveymonkey.com,Female
Alva Callen,acallenef@sbwire.com,Male
Ronnie Hanway,rhanwayeg@ovh.net,Female
Pace Muat,pmuateh@paypal.com,Male
Nickolaus Tulley,ntulleyei@disqus.com,Male
Cam Tertre,ctertreej@goodreads.com,Female
Miller Murrell,mmurrellek@mit.edu,Male
Shem Tawn,stawnel@ow.ly,Male
Zena Blackadder,zblackadderem@nifty.com,Female
Alexandro McMullen,amcmullenen@wunderground.com,Male
Agosto Coggon,acoggoneo@arizona.edu,Male
Stacee Antyshev,santyshevep@booking.com,Female
Marie-jeanne Fust,mfusteq@netscape.com,Female
Hugues Heath,hheather@com.com,Male
Silva Westcot,swestcotes@squarespace.com,Female
Xever Birtonshaw,xbirtonshawet@oracle.com,Male
Hyacinthia Safhill,hsafhilleu@amazon.de,Female
Rosa Northall,rnorthallev@zdnet.com,Female
Trace Ungerer,tungererew@wp.com,Male
Gregorius Eggar,geggarex@bloglovin.com,Male
Morena Mayall,mmayalley@google.co.uk,Female
Amelita Huntress,ahuntressez@unesco.org,Female
Evanne Gedling,egedlingf0@t.co,Female
Vally Brilleman,vbrillemanf1@biglobe.ne.jp,Female
Gilbertina Cristofol,gcristofolf2@parallels.com,Female
Lou Newick,lnewickf3@surveymonkey.com,Female
Boothe Callendar,bcallendarf4@163.com,Genderfluid
Leupold Hatwells,lhatwellsf5@naver.com,Bigender
Shannah Cabane,scabanef6@opera.com,Female
Merilyn Leavens,mleavensf7@hugedomains.com,Polygender
Johann Cotter,jcotterf8@sitemeter.com,Male
Juliann Dubose,jdubosef9@nytimes.com,Female
Myrwyn Loosely,mlooselyfa@arstechnica.com,Male
Gothart Gotthard.sf,ggotthardsffb@flavors.me,Male
Rubetta Gready,rgreadyfc@amazon.com,Genderfluid
Sofia Abrahamowitcz,sabrahamowitczfd@mac.com,Female
Ainslee Borth,aborthfe@yellowbook.com,Female
Darcie Panniers,dpanniersff@homestead.com,Female
Imogene Warren,iwarrenfg@technorati.com,Female
Natale Affuso,naffusofh@weebly.com,Male
Benedikt Butland,bbutlandfi@google.ca,Male
Edie D'Ambrosio,edambrosiofj@vinaora.com,Female
Corrie Sempill,csempillfk@wordpress.com,Male
Obidiah Whitney,owhitneyfl@hc360.com,Male
Melitta Keeffe,mkeeffefm@theatlantic.com,Female
Burgess Warfield,bwarfieldfn@comcast.net,Male
Ettie Clemes,eclemesfo@mtv.com,Female
Chaddie Goulthorp,cgoulthorpfp@hibu.com,Male
Hayley Lannin,hlanninfq@auda.org.au,Female
Gardiner Keneforde,gkenefordefr@wikipedia.org,Male
Prudy Horsewood,phorsewoodfs@tinypic.com,Female
Lyndel Wilfinger,lwilfingerft@elegantthemes.com,Female
Cristiano Jeffels,cjeffelsfu@meetup.com,Male
Lisha Lissett,llissettfv@macromedia.com,Female
Jdavie Manville,jmanvillefw@flickr.com,Male
Wang Corey,wcoreyfx@prnewswire.com,Male
Mikey Merrill,mmerrillfy@zdnet.com,Male
Ursuline Timblett,utimblettfz@hud.gov,Agender
Laurens Pendleberry,lpendleberryg0@cocolog-nifty.com,Genderqueer
Isak Felton,ifeltong1@accuweather.com,Male
Sax Ivimy,sivimyg2@forbes.com,Male
Olwen Everit,oeveritg3@yale.edu,Female
Nyssa Esseby,nessebyg4@disqus.com,Female
Nicola Beazey,nbeazeyg5@cocolog-nifty.com,Female
Jasen Slaght,jslaghtg6@europa.eu,Male
Kelvin Bodiam,kbodiamg7@alexa.com,Male
Quintin Mackro,qmackrog8@seesaa.net,Male
Elysee Nizard,enizardg9@hao123.com,Female
Clareta Wonter,cwonterga@bloglines.com,Female
Velma Kitman,vkitmangb@comsenz.com,Female
Hube Risebrow,hrisebrowgc@marketwatch.com,Male
Perry Delamaine,pdelamainegd@sphinn.com,Polygender
Emmaline D'Souza,edsouzage@domainmarket.com,Female
Yanaton Girardeau,ygirardeaugf@e-recht24.de,Male
Wynnie Bison,wbisongg@imgur.com,Female
Gonzalo Sowman,gsowmangh@php.net,Male
Jordain Willishire,jwillishiregi@hc360.com,Female
Cooper Cabrara,ccabraragj@princeton.edu,Non-binary
Kenton Manlow,kmanlowgk@fotki.com,Bigender
Trula Croux,tcrouxgl@taobao.com,Female
Grete Hughf,ghughfgm@issuu.com,Female
Alyse Rippen,arippengn@com.com,Female
Ewart Kerrod,ekerrodgo@histats.com,Male
Kayle Drei,kdreigp@typepad.com,Female
Klemens Fetherston,kfetherstongq@fotki.com,Male
Fidela Moughtin,fmoughtingr@about.me,Bigender
Waylin Kwietek,wkwietekgs@theatlantic.com,Agender
Aubrette Griss,agrissgt@princeton.edu,Female
Jordain Lestor,jlestorgu@vimeo.com,Female
Shellysheldon Skeates,sskeatesgv@nyu.edu,Male
Guido Keig,gkeiggw@bandcamp.com,Male
Del Alkins,dalkinsgx@parallels.com,Male
Gnni Hearsum,ghearsumgy@hubpages.com,Female
Kayla McCool,kmccoolgz@youtu.be,Female
Scotti McRonald,smcronaldh0@shutterfly.com,Male
Berkeley Goshawke,bgoshawkeh1@netlog.com,Male
Drew Dungee,ddungeeh2@epa.gov,Male
Charmian Luke,clukeh3@simplemachines.org,Female
Gawain Gossington,ggossingtonh4@seesaa.net,Male
Roslyn Antognozzii,rantognozziih5@shinystat.com,Female
Aldous Greep,agreeph6@disqus.com,Male
Polly Corwood,pcorwoodh7@issuu.com,Female
Gianina Kinghorne,gkinghorneh8@mlb.com,Polygender
Rolph Abrahams,rabrahamsh9@yellowpages.com,Male
Louis Gillman,lgillmanha@intel.com,Male
Burl Bracknell,bbracknellhb@unicef.org,Male
Tadeas Dodshon,tdodshonhc@networksolutions.com,Male
Sabra Venables,svenableshd@forbes.com,Bigender
Deerdre Shutt,dshutthe@privacy.gov.au,Genderfluid
Alvinia Busfield,abusfieldhf@skype.com,Non-binary
Beatriz Baldack,bbaldackhg@hud.gov,Female
Elayne Flowitt,eflowitthh@mozilla.org,Female
Jamal Sains,jsainshi@nymag.com,Male
Elenore Jeandin,ejeandinhj@booking.com,Female
Serge Krishtopaittis,skrishtopaittishk@cloudflare.com,Male
Daryle Leadston,dleadstonhl@huffingtonpost.com,Male
Isaac Slayny,islaynyhm@furl.net,Genderfluid
Cissiee Vizard,cvizardhn@google.co.jp,Female
Savina Caldayrou,scaldayrouho@barnesandnoble.com,Female
Madison Beckhouse,mbeckhousehp@pagesperso-orange.fr,Male
Evelina Elloit,eelloithq@twitter.com,Female
Che Keddle,ckeddlehr@ifeng.com,Male
Pammie Dunan,pdunanhs@reddit.com,Female
Sosanna Leyfield,sleyfieldht@networksolutions.com,Female
Lyssa O'Longain,lolongainhu@japanpost.jp,Female
Ellyn Camier,ecamierhv@furl.net,Female
Hedvige Beauchop,hbeauchophw@theguardian.com,Female
Merline Bottom,mbottomhx@shareasale.com,Female
Peri Hake,phakehy@house.gov,Female
Morry Auston,maustonhz@washington.edu,Male
Gabbie Lemanu,glemanui0@icq.com,Female
Loreen Quilter,lquilteri1@photobucket.com,Female
Irving Parradye,iparradyei2@wordpress.com,Male
Salmon Laxon,slaxoni3@wordpress.com,Male
Clementine Brimner,cbrimneri4@aboutads.info,Female
Justino Tourne,jtournei5@ca.gov,Polygender
Skylar Hurtic,shurtici6@a8.net,Male
Lucienne Standing,lstandingi7@oakley.com,Female
Sacha Extance,sextancei8@vinaora.com,Agender
Roch Gillhespy,rgillhespyi9@google.com,Female
Dieter Turville,dturvilleia@youtube.com,Male
Tommy Leeson,tleesonib@home.pl,Male
Abbe Soanes,asoanesic@umich.edu,Male
Valeria Fortey,vforteyid@last.fm,Polygender
Torey Sterman,tstermanie@diigo.com,Female
Nick Hornung,nhornungif@webnode.com,Male
Zita Vasquez,zvasquezig@dmoz.org,Female
Alisun Novak,anovakih@lulu.com,Genderfluid
Ernest Boumphrey,eboumphreyii@plala.or.jp,Male
Josefina Dingivan,jdingivanij@facebook.com,Female
Maressa Kinmond,mkinmondik@miitbeian.gov.cn,Female
Courtney Todd,ctoddil@timesonline.co.uk,Male
Lorne Roddick,lroddickim@xinhuanet.com,Male
Lonny Marrington,lmarringtonin@yahoo.co.jp,Male
Worth Stainland,wstainlandio@networksolutions.com,Male
Albertine Pennyman,apennymanip@biblegateway.com,Female
Blinnie Twinbourne,btwinbourneiq@ft.com,Female
Conrado Antonomolii,cantonomoliiir@deliciousdays.com,Male
Jermain Everitt,jeverittis@flickr.com,Male
Shell Backshaw,sbackshawit@reverbnation.com,Male
Donelle Tamsett,dtamsettiu@ft.com,Female
Othella Ebbotts,oebbottsiv@e-recht24.de,Polygender
Hatty Fittes,hfittesiw@omniture.com,Female
Obadias Mussetti,omussettiix@blog.com,Male
Chrisse Thurlby,cthurlbyiy@vk.com,Male
Zolly Corballis,zcorballisiz@reddit.com,Male
Mack Prover,mproverj0@symantec.com,Male
Winn Odda,woddaj1@dailymotion.com,Male
Archambault Saylor,asaylorj2@time.com,Male
Anallese Highman,ahighmanj3@wiley.com,Bigender
Vally MacKibbon,vmackibbonj4@yale.edu,Female
Correy Bennough,cbennoughj5@blogs.com,Male
Ciro Rilings,crilingsj6@google.cn,Male
Judd Tapper,jtapperj7@sphinn.com,Male
Rosette Buchanan,rbuchananj8@cdc.gov,Female
Shae Brisseau,sbrisseauj9@example.com,Male
Deerdre McCurdy,dmccurdyja@cloudflare.com,Female
Ali Hasty,ahastyjb@slate.com,Female
Garnet Jorioz,gjoriozjc@pbs.org,Female
Brittney Tedahl,btedahljd@github.io,Female
Karlen Glasgow,kglasgowje@rakuten.co.jp,Female
Gabey Avent,gaventjf@about.com,Female
Adora Seabridge,aseabridgejg@mashable.com,Female
Coop Ney,cneyjh@amazon.de,Male
Lark Pockett,lpockettji@themeforest.net,Female
Lucita Fauguel,lfaugueljj@amazonaws.com,Female
Joice Lamps,jlampsjk@vistaprint.com,Female
Benson Kearns,bkearnsjl@1688.com,Male
Rand Himsworth,rhimsworthjm@gmpg.org,Male
Gloria Broose,gbroosejn@hhs.gov,Female
Marcellina Van Hesteren,mvanjo@baidu.com,Female
Rudd Cartan,rcartanjp@nsw.gov.au,Male
Eugenio Joy,ejoyjq@clickbank.net,Male
Karrie Unstead,kunsteadjr@chronoengine.com,Female
Richmond Jouannisson,rjouannissonjs@cnet.com,Male
Fonzie Purkins,fpurkinsjt@nyu.edu,Male
Bertie Riddich,briddichju@princeton.edu,Female
Benjamen McCartan,bmccartanjv@blogspot.com,Male
Tiphanie Skitterel,tskittereljw@eventbrite.com,Female
Moishe Game,mgamejx@skype.com,Male
Lane Porcas,lporcasjy@samsung.com,Female
Lurline Sones,lsonesjz@merriam-webster.com,Female
Annabal Baldung,abaldungk0@businesswire.com,Female
Murry Tumielli,mtumiellik1@vinaora.com,Male
Dietrich Pettifer,dpettiferk2@columbia.edu,Male
Selig Sodor,ssodork3@booking.com,Male
Roi Choldcroft,rcholdcroftk4@cargocollective.com,Male
Abbot Pringer,apringerk5@goo.gl,Male
Wernher Worsnip,wworsnipk6@jimdo.com,Male
Pammy Shillingford,pshillingfordk7@tumblr.com,Female
Hy Prise,hprisek8@barnesandnoble.com,Male
Dawn Braddon,dbraddonk9@noaa.gov,Female
Cesar Shelly,cshellyka@geocities.com,Male
Paten Emsley,pemsleykb@npr.org,Polygender
Orazio Navan,onavankc@unblog.fr,Male
Benjamen Crum,bcrumkd@squidoo.com,Male
Darci Arnaudot,darnaudotke@hubpages.com,Female
Jewelle Palfreyman,jpalfreymankf@themeforest.net,Female
Virgina Wittleton,vwittletonkg@google.co.uk,Female
Flint Ayllett,fayllettkh@eepurl.com,Male
Dana Grolmann,dgrolmannki@diigo.com,Female
Ermengarde Brok,ebrokkj@arizona.edu,Female
Cyrill Zarfai,czarfaikk@economist.com,Genderqueer
Quill Longworth,qlongworthkl@themeforest.net,Male
Meridith Tighe,mtighekm@reuters.com,Polygender
Suzette Febry,sfebrykn@ucoz.com,Female
Charlton Cornehl,ccornehlko@webnode.com,Male
Wilie Tomes,wtomeskp@youtu.be,Female
Hilton McCudden,hmccuddenkq@hexun.com,Male
Dorolisa Dank,ddankkr@youtube.com,Female
Agnesse Breach,abreachks@surveymonkey.com,Non-binary
Morganne Hardington,mhardingtonkt@macromedia.com,Female
Sanson Harp,sharpku@geocities.jp,Male
Hymie Rablan,hrablankv@fda.gov,Male
Conchita Innott,cinnottkw@ning.com,Female
Cosimo O'Fogarty,cofogartykx@w3.org,Male
Audie Bonsall,abonsallky@squarespace.com,Female
Anna-diana Dent,adentkz@washington.edu,Female
Melvin Rosenzwig,mrosenzwigl0@smugmug.com,Male
Arlin Pratton,aprattonl1@yale.edu,Male
Baxie McGaughey,bmcgaugheyl2@myspace.com,Male
Arturo Frowing,afrowingl3@msn.com,Male
Clementius Letherbury,cletherburyl4@bbc.co.uk,Male
Alwin Azam,aazaml5@360.cn,Male
Sargent Eubank,seubankl6@amazon.co.uk,Male
Judy Mustin,jmustinl7@skype.com,Female
Ardis Kolushev,akolushevl8@unesco.org,Female
Paule Furzer,pfurzerl9@php.net,Female
Oran Bessent,obessentla@earthlink.net,Male
Baudoin Monroe,bmonroelb@plala.or.jp,Male
Afton Biggins,abigginslc@mashable.com,Female
Yoshi Bent,ybentld@google.com.au,Female
Roobbie Anthoin,ranthoinle@twitpic.com,Female
Carolin Plaskitt,cplaskittlf@com.com,Female
Iorgo St. John,istlg@springer.com,Male
Wallis Caught,wcaughtlh@miibeian.gov.cn,Female
Horatius Hernik,hhernikli@smh.com.au,Male
Rivalee Pestell,rpestelllj@cbsnews.com,Female
Osbourn Chaves,ochaveslk@latimes.com,Male
Doug Westwater,dwestwaterll@cdbaby.com,Male
Callean Keaveny,ckeavenylm@bbc.co.uk,Male
Alistair Balcock,abalcockln@nba.com,Male
Lindy Kornes,lkorneslo@infoseek.co.jp,Genderfluid
Elroy Husby,ehusbylp@house.gov,Male
Steffane Hilling,shillinglq@foxnews.com,Female
Garvey Blackesland,gblackeslandlr@apple.com,Male
Cristian Freeburn,cfreeburnls@msn.com,Male
Allissa Blackstone,ablackstonelt@wikipedia.org,Genderfluid
Kristien Bulward,kbulwardlu@taobao.com,Female
Trude Sim,tsimlv@yellowbook.com,Female
Michal Vedikhov,mvedikhovlw@webeden.co.uk,Polygender
Carrie Westcott,cwestcottlx@cisco.com,Female
Duane Dufton,dduftonly@ning.com,Agender
Curr Longstreeth,clongstreethlz@china.com.cn,Genderfluid
Kelvin Hanselmann,khanselmannm0@chronoengine.com,Male
Shina Fanning,sfanningm1@bigcartel.com,Female
Elvina Birkmyr,ebirkmyrm2@cocolog-nifty.com,Non-binary
Risa Behan,rbehanm3@berkeley.edu,Female
Pansie Burchess,pburchessm4@time.com,Female
Vin Eggleston,vegglestonm5@washingtonpost.com,Female
Carmine Gladeche,cgladechem6@shutterfly.com,Male
Reider Battaille,rbattaillem7@disqus.com,Male
Corrie Jerromes,cjerromesm8@mashable.com,Genderfluid
Davey Snalom,dsnalomm9@jugem.jp,Male
Salvidor Selby,sselbyma@va.gov,Male
Noll Erswell,nerswellmb@uol.com.br,Male
Ewan Gameson,egamesonmc@sakura.ne.jp,Male
Madelon Charon,mcharonmd@omniture.com,Female
Rochester Kinlock,rkinlockme@indiatimes.com,Male
Anselma Flescher,afleschermf@mtv.com,Female
Karney Barford,kbarfordmg@oakley.com,Male
Tammi Forbear,tforbearmh@yellowbook.com,Female
Sonja Vogeler,svogelermi@blinklist.com,Female
Astrid Crotty,acrottymj@cisco.com,Female
Dieter Siss,dsissmk@gov.uk,Male
Morty Camocke,mcamockeml@intel.com,Male
Harp O'Cannovane,hocannovanemm@telegraph.co.uk,Male
Nelle Chree,nchreemn@simplemachines.org,Female
Evelina Shotter,eshottermo@fda.gov,Female
Hagen MacNeill,hmacneillmp@infoseek.co.jp,Male
Hillary Alenichev,halenichevmq@dmoz.org,Male
Van Raisher,vraishermr@edublogs.org,Bigender
Prissie Leyfield,pleyfieldms@aboutads.info,Female
Kip Ashmore,kashmoremt@yellowpages.com,Female
Yves Dohms,ydohmsmu@ustream.tv,Male
Mabelle Cowwell,mcowwellmv@nydailynews.com,Female
Morgan Jizhaki,mjizhakimw@bloglines.com,Female
Ciro Viccars,cviccarsmx@mapy.cz,Male
Carmen Punter,cpuntermy@sina.com.cn,Female
Gregorius Rzehorz,grzehorzmz@alibaba.com,Male
Burnaby Youens,byouensn0@multiply.com,Male
Felicity Gisburn,fgisburnn1@mapy.cz,Female
Gabriel Carley,gcarleyn2@sohu.com,Agender
Luke Magenny,lmagennyn3@cbsnews.com,Male
Filippo Kenafaque,fkenafaquen4@cbsnews.com,Male
Orelie Viner,ovinern5@rediff.com,Female
Damiano Gherardelli,dgherardellin6@biglobe.ne.jp,Male
Audie Eamer,aeamern7@360.cn,Female
Giordano Bugg,gbuggn8@geocities.jp,Male
Shurwood Le Blond,slen9@jalbum.net,Male
Craggie Blasoni,cblasonina@friendfeed.com,Male
Fancy Bassam,fbassamnb@photobucket.com,Female
Lorettalorna Billion,lbillionnc@feedburner.com,Female
Robbie Atyeo,ratyeond@google.de,Male
Vladimir Howatt,vhowattne@yolasite.com,Male
Vina Cammidge,vcammidgenf@dailymotion.com,Female
Lena Linnell,llinnellng@telegraph.co.uk,Female
Willa Trenchard,wtrenchardnh@webeden.co.uk,Female
Wendeline McCarlie,wmccarlieni@wordpress.org,Female
Denney Hamprecht,dhamprechtnj@indiegogo.com,Bigender
Dee dee Leckie,ddeenk@slashdot.org,Female
Herold Terrans,hterransnl@imgur.com,Male
Beryl Farncomb,bfarncombnm@marketwatch.com,Female
Sacha Goshawk,sgoshawknn@behance.net,Female
Sterne Noke,snokeno@people.com.cn,Male
Dawna Mitchell,dmitchellnp@github.io,Female
Ximenes Rayson,xraysonnq@photobucket.com,Male
Rex Embling,remblingnr@reuters.com,Male
Omero Escott,oescottns@linkedin.com,Male
Helena Kedward,hkedwardnt@ow.ly,Female
Munmro Ierland,mierlandnu@taobao.com,Male
Cyrillus Wards,cwardsnv@shop-pro.jp,Male
Silvain Naulls,snaullsnw@salon.com,Male
Maggi Westerman,mwestermannx@wiley.com,Female
Gwen Siemon,gsiemonny@weibo.com,Female
Brear Biagini,bbiagininz@miibeian.gov.cn,Agender
Viole Frear,vfrearo0@cnn.com,Female
Guillemette Upcott,gupcotto1@oaic.gov.au,Female
Inez Cay,icayo2@example.com,Female
Dion Algore,dalgoreo3@cmu.edu,Male
Annalee Bullock,abullocko4@ameblo.jp,Female
Tiena Gerriet,tgerrieto5@netlog.com,Female
Osgood Habbes,ohabbeso6@whitehouse.gov,Agender
Jonell MacMickan,jmacmickano7@jigsy.com,Female
Petunia Brine,pbrineo8@technorati.com,Non-binary
Anabella Ubsdell,aubsdello9@skype.com,Non-binary
Eduino Smardon,esmardonoa@youtube.com,Male
Thorstein Gumn,tgumnob@youtube.com,Male
Adolphe Duerden,aduerdenoc@ebay.co.uk,Male
Wolf Wandrich,wwandrichod@indiatimes.com,Polygender
Dieter Sleeny,dsleenyoe@storify.com,Male
Filia Corselles,fcorsellesof@bing.com,Female
Hortensia Gatchel,hgatchelog@taobao.com,Female
Arabel Brende,abrendeoh@networksolutions.com,Agender
Miriam Goatcher,mgoatcheroi@hhs.gov,Female
Marcus Mattheissen,mmattheissenoj@wikispaces.com,Genderqueer
Weider Cassel,wcasselok@adobe.com,Male
Odelia Hirjak,ohirjakol@theatlantic.com,Female
Kessiah Parratt,kparrattom@blogger.com,Female
Basilius Wheatley,bwheatleyon@sakura.ne.jp,Male
Jeremias McJerrow,jmcjerrowoo@domainmarket.com,Male
Emlen Kiwitz,ekiwitzop@discovery.com,Male
De witt Ruberry,dwittoq@diigo.com,Male
Jacinda Barnaby,jbarnabyor@jigsy.com,Genderqueer
Zelig Ollett,zollettos@nytimes.com,Male
Antonin Heller,ahellerot@salon.com,Male
Lesley Joney,ljoneyou@mapy.cz,Male
Boony Bryer,bbryerov@thetimes.co.uk,Male
Frasquito Spraging,fspragingow@who.int,Male
Friedrick Morrice,fmorriceox@twitter.com,Male
Hannah Mackrill,hmackrilloy@free.fr,Female
Kendrick Trounson,ktrounsonoz@rambler.ru,Male
Thomas Heis,theisp0@edublogs.org,Male
Joleen Hobble,jhobblep1@ezinearticles.com,Female
Jobyna Abrahamowitcz,jabrahamowitczp2@nytimes.com,Female
Rustin Rennebach,rrennebachp3@sciencedirect.com,Male
Cassius Adolphine,cadolphinep4@simplemachines.org,Male
Aarika Stickings,astickingsp5@symantec.com,Female
Rafael Eplate,replatep6@cnbc.com,Male
Nicola McGilroy,nmcgilroyp7@facebook.com,Male
Carver Coll,ccollp8@mac.com,Non-binary
Corilla Killock,ckillockp9@infoseek.co.jp,Bigender
Gabbie Kears,gkearspa@hatena.ne.jp,Male
Britta Cordon,bcordonpb@sphinn.com,Female
Lilian Gilardengo,lgilardengopc@phoca.cz,Female
My Haskayne,mhaskaynepd@amazon.co.jp,Male
Yasmin Wealthall,ywealthallpe@sogou.com,Female
Raffaello Alessandone,ralessandonepf@so-net.ne.jp,Male
Virgie Maciejewski,vmaciejewskipg@gizmodo.com,Male
Rozanna Masedon,rmasedonph@deliciousdays.com,Female
Lynnelle Bartens,lbartenspi@cbc.ca,Female
Britta Yanshin,byanshinpj@patch.com,Female
Danila Matousek,dmatousekpk@facebook.com,Female
Mommy Petters,mpetterspl@ycombinator.com,Female
Tuckie Florio,tfloriopm@hatena.ne.jp,Male
Sheffield Okell,sokellpn@yandex.ru,Genderqueer
Erich Korn,ekornpo@time.com,Male
Kiley L'Amie,klamiepp@odnoklassniki.ru,Female
Christiane Shoebotham,cshoebothampq@jugem.jp,Female
Hollyanne Tarpey,htarpeypr@omniture.com,Genderfluid
Ibrahim Lamy,ilamyps@youtu.be,Male
Malchy Bartoshevich,mbartoshevichpt@surveymonkey.com,Male
Paton Ryton,prytonpu@sfgate.com,Male
Bobbye Geeves,bgeevespv@indiatimes.com,Genderqueer
Sheena Hazzard,shazzardpw@sphinn.com,Female
Cherilynn Tenney,ctenneypx@vk.com,Female
Ganny Tansill,gtansillpy@sciencedirect.com,Male
Sadella Dowglass,sdowglasspz@discuz.net,Agender
Glyn Clohisey,gclohiseyq0@businessweek.com,Female
Gypsy Franseco,gfransecoq1@wsj.com,Female
Nick Hugo,nhugoq2@merriam-webster.com,Male
Yolande Eglese,yegleseq3@posterous.com,Female
Lacee Djekic,ldjekicq4@java.com,Genderqueer
Alaster O'Ferris,aoferrisq5@adobe.com,Male
Feliks Dobbyn,fdobbynq6@va.gov,Male
Sigismundo Coupe,scoupeq7@sogou.com,Male
Rock Kneeshaw,rkneeshawq8@com.com,Male
Hobie Willicott,hwillicottq9@wordpress.com,Male
Jeremiah Lauridsen,jlauridsenqa@twitpic.com,Male
Phyllida Gut,pgutqb@mashable.com,Female
Lucilia Fetherby,lfetherbyqc@google.com.br,Female
Spike Over,soverqd@bbc.co.uk,Male
Garrott Doward,gdowardqe@chron.com,Male
Marika Guise,mguiseqf@symantec.com,Bigender
Gertruda Orcott,gorcottqg@youku.com,Female
Violet Ghost,vghostqh@imgur.com,Female
Buffy Gomm,bgommqi@free.fr,Female
Josie Flarity,jflarityqj@hao123.com,Female
Manon South,msouthqk@360.cn,Female
Gunar Consterdine,gconsterdineql@nhs.uk,Male
Chad Burnsyde,cburnsydeqm@bizjournals.com,Female
Maighdiln Kohrding,mkohrdingqn@pagesperso-orange.fr,Female
Livy Franceschino,lfranceschinoqo@list-manage.com,Female
Lou Divall,ldivallqp@seesaa.net,Male
Emera Muggach,emuggachqq@dyndns.org,Female
Anderson Woffenden,awoffendenqr@shop-pro.jp,Male
Launce Besant,lbesantqs@constantcontact.com,Male
Ruggiero Burne,rburneqt@mediafire.com,Male
Miquela Tessier,mtessierqu@acquirethisname.com,Female
Heida Kardos-Stowe,hkardosstoweqv@mediafire.com,Female
Buddie Wadwell,bwadwellqw@samsung.com,Male
Schuyler Penreth,spenrethqx@360.cn,Male
Mikael Battrum,mbattrumqy@nps.gov,Male
Liva Sinderson,lsindersonqz@google.com.br,Polygender
Darn Creenan,dcreenanr0@bigcartel.com,Male
Lilyan Ray,lrayr1@opensource.org,Female
Michal Mabb,mmabbr2@dmoz.org,Female
Percival Wolseley,pwolseleyr3@ihg.com,Male
Vannie Hymers,vhymersr4@godaddy.com,Female
Laurella Chazelas,lchazelasr5@usda.gov,Female
Madelin Pitone,mpitoner6@weebly.com,Female
Pablo Ianni,piannir7@amazon.co.jp,Male
Fabian Scrammage,fscrammager8@ucoz.ru,Male
Raimundo Ferreiro,rferreiror9@cargocollective.com,Male
Job Conahy,jconahyra@wikipedia.org,Male
Ibrahim Mereweather,imereweatherrb@latimes.com,Male
Mellisa Whitaker,mwhitakerrc@a8.net,Female
Edee Bonhill,ebonhillrd@squarespace.com,Female
Zara Maddaford,zmaddafordre@unc.edu,Female
Linn Hackin,lhackinrf@nsw.gov.au,Female
Fields Duxfield,fduxfieldrg@yelp.com,Male
Etienne Stapels,estapelsrh@irs.gov,Male
Chase Purkis,cpurkisri@un.org,Male
Mirabelle Sawdon,msawdonrj@mit.edu,Female
Devlin Boutellier,dboutellierrk@usgs.gov,Male
Rory Eddowes,reddowesrl@wisc.edu,Female
Kenn Alten,kaltenrm@dedecms.com,Male
Teddie Sheer,tsheerrn@domainmarket.com,Genderfluid
Betsy Bareham,bbarehamro@squidoo.com,Female
Hinda Raise,hraiserp@alexa.com,Female
Vida Luckham,vluckhamrq@webs.com,Female
Vallie McAllan,vmcallanrr@microsoft.com,Female
